﻿designator,quantity,value,pack,mpn,mount_type
BZ1,1,Buzzer,MagneticBuzzer_Kobitone_254-EMB84Q-RO,,smt
"C1, C25, C44, C45, C5, C6, C7, C73, C74, C75, C76, C8",12,4.7uF,C_0805_2012Metric,,smt
"C10, C17, C18, C26, C33, C34, C35, C38, C39, C4, C42, C43, C46, C47, C48, C49, C52, C64, C65, C66, C67, C68, C70, C71, C72, C83, C87, C9, C90",29,100nF,C_0603_1608Metric,,smt
"C11, C12",2,10nF,C_0603_1608Metric,,smt
"C13, C53",2,1nF,C_0603_1608Metric,,smt
"C14, C31",2,4.7nF,C_0603_1608Metric,,smt
C15,1,47pF,C_0603_1608Metric,,smt
C16,1,39pF,C_0603_1608Metric,,smt
"C19, C2, C20, C23, C24, C81, C85, C88",8,47uF,C_1210_3225Metric,,smt
"C27, C28, C29, C30, C60, C61",6,100pF,C_0603_1608Metric,,smt
"C3, C32",2,100uF,CP_Elec_6.3x7.7,,smt
"C36, C37, C40, C41, C82, C86, C89",7,10uF,C_0805_2012Metric,,smt
"C50, C51, C57, C58",4,22pF,C_0603_1608Metric,,smt
"C54, C55",2,220pF,C_0603_1608Metric,,smt
"C56, C59, C62, C63",4,4.7pF,C_0603_1608Metric,,smt
C69,1,DNP,R_0603_1608Metric,,smt
C77,1,22uF,C_0805_2012Metric,,smt
"C78, C79",2,470nF,C_0603_1608Metric,,smt
C80,1,10pF,C_0603_1608Metric,,smt
C84,1,100nF C0G,C_1206_3216Metric,,smt
"D1, D12, D13, D14, D15, D16, D17, D18, D19, D20, D21, D22, D23, D24, D25, D26, D27, D28, D29, D30, D31, D32, D33, D34, D35, D36, D37, D38, D4, D5, D55, D56, D61, D62, D65, D66, D67, D68, D69, D70, D71, D9",42,SD05_SOD323,D_SOD-323,,smt
"D10, D2, D57, D58, D59, D63, D64",7,1N4148W,D_SOD-323,,smt
"D11, D3, D6",3,PMEG4030ER.115,Nexperia_CFP3_SOD-123W,,smt
"D39, D40, D41, D54",4,LED_GREEN,LED_D3.0mm,,tht
"D42, D44, D45, D46, D47, D51, D52, D53",8,WS2812B,LED_WS2812B_PLCC4_5.0x5.0mm_P3.2mm,,smt
D43,1,LL-304PDD2E,LED_D3.0mm_Horizontal_O1.27mm_Z2.0mm_IRBlack,,tht
"D48, D49, D50",3,LED_RED,LED_D3.0mm,,tht
D60,1,LED_BGAR,LED_D5.0mm-4_RGB,,tht
"D7, D8",2,B340A-E3/61T,D_SMA,,smt
DS1,1,WC1602A,WC1602A,,tht
F1,1,2A,Fuse_2920_7451Metric,,smt
F2,1,0.75A PTC,Fuse_1812_4532Metric,,smt
"FID1, FID14, FID2, FID3, FID4, FID5, FID6",7,Fiducial,Fiducial_1mm_Mask3mm,,smt
"H1, H2, H3, H4, H5",5,MountingHole,MountingHole_3.2mm_M3_ISO7380_Pad_TopBottom,,tht
"H10, H6, H7, H8, H9",5,MountingHole,MountingHole_4.3mm_M4_ISO14580_Pad,,tht
"J1, J4",2,DF40C-100DS-0.4V(51),HIROSE_DF40C-100DS-0.4V_51_,,smt
J10,1,RTD_PT100,"TerminalBlock_Phoenix_MKDS-1,5-4-5.08_1x04_P5.08mm_Horizontal",,tht
J11,1,Can,"TerminalBlock_Phoenix_MKDS-1,5-3-5.08_1x03_P5.08mm_Horizontal",,tht
J12,1,USB_A,USB_A_TE_292303-7_Horizontal,,smt
J13,1,SPI_OUT,"TerminalBlock_Phoenix_MKDS-1,5-6-5.08_1x06_P5.08mm_Horizontal",,tht
J14,1,MOTOR,"TerminalBlock_Phoenix_MKDS-1,5-6-5.08_1x06_P5.08mm_Horizontal",,tht
J15,1,12V OUT ,"TerminalBlock_Phoenix_MKDS-1,5-2-5.08_1x02_P5.08mm_Horizontal",,tht
J16,1,Neopixel,"TerminalBlock_Phoenix_MKDS-1,5-3-5.08_1x03_P5.08mm_Horizontal",,tht
J17,1,SERIAL,"TerminalBlock_Phoenix_MKDS-1,5-4-5.08_1x04_P5.08mm_Horizontal",,tht
J18,1,I2C,"TerminalBlock_Phoenix_MKDS-1,5-4-5.08_1x04_P5.08mm_Horizontal",,tht
J19,1,KEYPAD_MATRIX,PinHeader_1x08_P2.54mm_Vertical_SMD_Pin1Left,,smt
"J2, J6",2,USB_C_Receptacle,USB_C_Receptacle_XKB_U262-16XN-4BVC11,,smt
J20,1,OLED,PinSocket_1x04_P2.54mm_Vertical,,tht
J21,1,DM3BT-DSF-PEJS/C,microSD_HC_Hirose_DM3BT-DSF-PEJS,,smt
J3,1,Conn_02x20_Odd_Even,IDC-Header_2x20_P2.54mm_Horizontal,,tht
J5,1,Barrel_Jack_MountingPin,BarrelJack_Horizontal,,tht
J7,1,Bus_M.2_Socket_B,121992304,,tht
J9,1,A_IN,"TerminalBlock_Phoenix_MKDS-1,5-2-5.08_1x02_P5.08mm_Horizontal",,tht
JP1,1,VREF_Selector,PinHeader_1x03_P2.54mm_Vertical,,tht
"JP10, JP11",2,Jumper_2_Open,PinHeader_1x02_P2.54mm_Vertical,,tht
JP2,1,Jumper_2_Bridged,SolderJumper-2_P1.3mm_Open_Pad1.0x1.5mm,,tht
"JP3, JP4",2,A2_Jumper,SolderJumper-2_P1.3mm_Open_Pad1.0x1.5mm,,tht
"JP5, JP6",2,A1_Jumper,SolderJumper-2_P1.3mm_Open_Pad1.0x1.5mm,,tht
"JP7, JP8",2,A0_Jumper,SolderJumper-2_P1.3mm_Open_Pad1.0x1.5mm,,tht
JP9,1,Debounce Selector,PinHeader_1x03_P2.54mm_Vertical,,tht
L1,1,100uH,L_1210_3225Metric,,smt
"L2, L3",2,6.8uH,L_Chilisin_BMRB00060624,,smt
L4,1,ACM7060-701-2PL-TL,L_CommonModeChoke_TDK_ACM7060,,smt
"L5, L6",2,560nH,L_0603_1608Metric,,smt
MK1,1,Mic,POM-2244P-C3310-2-R,,tht
"Q1, Q2, Q4",3,BC850,SOT-23,,smt
Q3,1,N-FET 1.4A,SOT-23,,smt
Q5,1,ALS-PDIC15-21B/TR8,Kingbright_KPS-3227,,smt
"R1, R19, R2, R20, R33, R38, R46, R48, R5, R50, R51, R52, R53, R55, R56, R60, R61, R63, R64, R67, R68, R78, R80, R81, R82, R83, R84, R85, R86",29,10k,R_0603_1608Metric,,smt
R10,1,29.4k,R_0603_1608Metric,,smt
R11,1,50k,R_0603_1608Metric,,smt
"R12, R15",2,10k 1%,R_0603_1608Metric,,smt
R13,1,2.2k 1%,R_0603_1608Metric,,smt
"R14, R16",2,1k 1%,R_0603_1608Metric,,smt
R17,1,680 1%,R_0603_1608Metric,,smt
R18,1,220 1%,R_0603_1608Metric,,smt
"R21, R22, R3, R4",4,5.1k,R_0603_1608Metric,,smt
"R23, R24",2,59,R_0603_1608Metric,,smt
R25,1,2,R_2512_6332Metric,,smt
"R26, R29, R73, R74, R75",5,220k,R_0603_1608Metric,,smt
"R27, R28, R30, R31, R39",5,4.7k,R_0603_1608Metric,,smt
R32,1,33k,R_0603_1608Metric,,smt
"R34, R40, R43, R44, R45, R54, R57, R58, R59, R62, R69, R70, R76, R87",14,1k,R_0603_1608Metric,,smt
R35,1,2.7k,R_0603_1608Metric,,smt
"R36, R37",2,3R3,R_0603_1608Metric,,smt
"R41, R47, R72",3,100,R_0603_1608Metric,,smt
R42,1,39,R_0805_2012Metric,,smt
R49,1,22,R_2512_6332Metric,,smt
"R6, R8",2,330k,R_0603_1608Metric,,smt
R65,1,47k,R_0603_1608Metric,,smt
R66,1,1M,R_0805_2012Metric,,smt
"R7, R71, R9",3,68k,R_0603_1608Metric,,smt
R77,1,1k5,R_0603_1608Metric,,smt
R79,1,3.205k,R_0603_1608Metric,,smt
"RN1, RN2, RN3, RN4, RN5, RN7",6,R_Pack04,R_Array_Convex_4x0603,,smt
RV1,1,10k,Potentiometer_Bourns_3314J_Vertical,,smt
RV2,1,100k,Potentiometer_Alpha_RD901F-40-00D_Single_Vertical,,tht
RV3,1,10k,2-Axis-Joystick,,smt
RV4,1,2k,Potentiometer_Bourns_3314J_Vertical,,smt
"SW1, SW2",2,SW_Push,SW_Push_1P1T_NO_CK_KMR2,,smt
"SW3, SW4, SW5, SW6",4,SW_Push,SW_SPST_Omron_B3FS-105xP,,smt
TH1,1,NTC 10k,R_0805_2012Metric,,smt
"TP1, TP10, TP11, TP12, TP15, TP17, TP18, TP19, TP3, TP4, TP5, TP6, TP7, TP8, TP9",15,~,TestPoint_Pad_D3.0mm,,tht
TP16,1,A1,TestPoint_Pad_D3.0mm,,tht
"U1, U28",2,RT9742AGJ5F,TSOT-23-5,,smt
"U10, U9",2,PCF8574,SSOP-20_4.4x6.5mm_P0.65mm,,smt
U11,1,HDC1080,Texas_PWSON-N6,,smt
U12,1,LIS2DH12TR,LGA-12_2x2mm_P0.5mm,,smt
U13,1,TXS0108EPW,TSSOP-20_4.4x6.5mm_P0.65mm,,smt
U14,1,MAX7219 / tm1637,SOIC-24W_7.5x15.4mm_P1.27mm,,smt
U15,1,CC56-12YWA,4_digit_7_segment_display,,tht
U16,1,PN5321A3HN_C1xx,HVQFN-40-1EP_6x6mm_P0.5mm_EP4.1x4.1mm,,smt
U17,1,CR2013-MI2120,CR2013-MI2120,,tht
"U18, U8",2,SN74LVC1T45DBV,SOT-23-6,,smt
U19,1,TSOP4836,Vishay_MOLD-3Pin,,tht
"U2, U3",2,TPS54331DR,TI_SO-PowerPAD-8_ThermalVias,,smt
U20,1,NE5532,SOIC-8_3.9x4.9mm_P1.27mm,,smt
U21,1,MCP6021RT-E/OT,SOT-23-5,,smt
"U22, U24, U25, U26",4,LMP2011,TSOT-23-5,,smt
U23,1,LM4125AIM5-2.5,SOT-23-5,,smt
U27,1,IP4252CZ16,Nexperia_HUSON-16_USON-16-1EP_1.35x3.3mm_P0.4mm_EP0.4x2.8mm,,smt
U4,1,TJA1051T-E,SOIC-8_3.9x4.9mm_P1.27mm,,smt
U5,1,DRV8870DDA,Texas_HTSOP-8-1EP_3.9x4.9mm_P1.27mm_EP2.95x4.9mm_Mask2.4x3.1mm_ThermalVias,,smt
"U6, U7",2,PCA9306DC,VSSOP-8_2.3x2mm_P0.5mm,,smt
Y1,1,27.12MHz,Crystal_SMD_SeikoEpson_FA128-4Pin_2.0x1.6mm,,smt
