﻿pos_x,pos_y,rotation,side,designator,mpn,pack,value,mount_type,place
140.4,-118.8,90.0,top,C1,,C_0603_1608Metric,4.7pF,smt,True
150.3455,-115.715,90.0,top,C10,,C_0603_1608Metric,100nF,smt,True
140.502823,-123.0,-90.0,top,C2,,C_0603_1608Metric,4.7pF,smt,True
113.792,-112.522,135.0,top,C3,,C_0805_2012Metric,10uF,smt,True
118.364,-119.38,-45.0,top,C4,,C_0603_1608Metric,100nF,smt,True
131.8,-122.6,45.0,top,C5,,C_0603_1608Metric,100nF,smt,True
134.112,-106.172,135.0,top,C6,,C_0603_1608Metric,100nF,smt,True
121.929575,-102.970541,-135.0,top,C7,,C_0603_1608Metric,100nF,smt,True
114.9,-109.8,45.0,top,C8,,C_0603_1608Metric,100nF,smt,True
149.4,-119.525,180.0,top,C9,,C_0805_2012Metric,10uF,smt,True
142.0,-129.5,180.0,top,FID1,,Fiducial_1mm_Mask3mm,Fiducial,smt,True
106.0,-129.5,180.0,top,FID2,,Fiducial_1mm_Mask3mm,Fiducial,smt,True
142.0,-96.5,180.0,top,FID3,,Fiducial_1mm_Mask3mm,Fiducial,smt,True
148.0,-129.5,180.0,top,H1,,MountingHole_3.2mm_M3_ISO7380_Pad_TopBottom,MountingHole,tht,True
100.0,-129.5,180.0,top,H2,,MountingHole_3.2mm_M3_ISO7380_Pad_TopBottom,MountingHole,tht,True
100.0,-96.5,180.0,top,H3,,MountingHole_3.2mm_M3_ISO7380_Pad_TopBottom,MountingHole,tht,True
148.0,-96.5,180.0,top,H4,,MountingHole_3.2mm_M3_ISO7380_Pad_TopBottom,MountingHole,tht,True
126.5,-130.0,0.0,bottom,J1,,DF40C100DP04V51,DF40C-100DP-04V-51 ,smt,True
126.5,-96.0,0.0,bottom,J2,,DF40C100DP04V51,DF40C-100DP-04V-51 ,smt,True
141.026,-112.667,180.0,top,Q1,,SOT-23,BC850,smt,True
141.026,-108.603,180.0,top,Q2,,SOT-23,BC850,smt,True
148.3135,-110.635,90.0,top,R1,,R_0603_1608Metric,0R,smt,True
141.4555,-115.461,180.0,top,R2,,R_0603_1608Metric,0R,smt,True
146.2815,-110.635,90.0,top,R3,,R_0603_1608Metric,10k,smt,True
144.2495,-110.635,90.0,top,R4,,R_0603_1608Metric,10k,smt,True
126.5,-113.0,45.0,top,U1,,TQFP-100_14x14mm_P0.5mm,ATmega2560-8A,smt,True
102.87,-113.03,-90.0,top,U2,,TSSOP-20_4.4x6.5mm_P0.65mm,TXS0108EPW,smt,True
146.441,-115.453,0.0,top,U3,,QFN-20-1EP_4x4mm_P0.5mm_EP2.5x2.5mm,FT231XQ,smt,True
143.7,-121.8,-90.0,top,Y1,,Crystal_SMD_5032-4Pin_5.0x3.2mm,8MHz,smt,True
