﻿designator,quantity,value,pack,mpn,mount_type
"C1, C2",2,4.7pF,C_0603_1608Metric,,smt
"C10, C4, C5, C6, C7, C8",6,100nF,C_0603_1608Metric,,smt
"C3, C9",2,10uF,C_0805_2012Metric,,smt
"FID1, FID2, FID3",3,Fiducial,Fiducial_1mm_Mask3mm,,smt
"H1, H2, H3, H4",4,MountingHole,MountingHole_3.2mm_M3_ISO7380_Pad_TopBottom,,tht
"J1, J2",2,DF40C-100DP-04V-51 ,DF40C100DP04V51,,smt
"Q1, Q2",2,BC850,SOT-23,,smt
"R1, R2",2,0R,R_0603_1608Metric,,smt
"R3, R4",2,10k,R_0603_1608Metric,,smt
U1,1,ATmega2560-8A,TQFP-100_14x14mm_P0.5mm,,smt
U2,1,TXS0108EPW,TSSOP-20_4.4x6.5mm_P0.65mm,,smt
U3,1,FT231XQ,QFN-20-1EP_4x4mm_P0.5mm_EP2.5x2.5mm,,smt
Y1,1,8MHz,Crystal_SMD_5032-4Pin_5.0x3.2mm,,smt
