﻿pos_x,pos_y,rotation,side,designator,mpn,pack,value,mount_type,place
189.5,-79.0,180.0,bottom,BZ1,,MagneticBuzzer_Kobitone_254-EMB84Q-RO,Buzzer,smt,True
147.42,-119.5525,90.0,bottom,C1,,C_0805_2012Metric,4.7uF,smt,True
100.91303,-60.887877,-90.0,bottom,C10,,C_0603_1608Metric,100nF,smt,True
102.85303,-60.887877,-90.0,bottom,C11,,C_0603_1608Metric,10nF,smt,True
86.35403,-60.966877,-90.0,bottom,C12,,C_0603_1608Metric,10nF,smt,True
110.21903,-60.887877,-90.0,bottom,C13,,C_0603_1608Metric,1nF,smt,True
93.84703,-60.979877,-90.0,bottom,C14,,C_0603_1608Metric,4.7nF,smt,True
108.44103,-60.887877,-90.0,bottom,C15,,C_0603_1608Metric,47pF,smt,True
91.94203,-60.979877,-90.0,bottom,C16,,C_0603_1608Metric,39pF,smt,True
101.54303,-52.768877,180.0,bottom,C17,,C_0603_1608Metric,100nF,smt,True
85.59203,-52.825877,180.0,bottom,C18,,C_0603_1608Metric,100nF,smt,True
107.88003,-45.148877,-90.0,bottom,C19,,C_1210_3225Metric,47uF,smt,True
81.28,-120.396,180.0,bottom,C2,,C_1210_3225Metric,47uF,smt,True
91.56103,-45.148877,-90.0,bottom,C20,,C_1210_3225Metric,47uF,smt,True
111.47403,-45.148877,-90.0,bottom,C23,,C_1210_3225Metric,47uF,smt,True
95.11703,-45.171877,-90.0,bottom,C24,,C_1210_3225Metric,47uF,smt,True
147.42,-115.4225,90.0,bottom,C25,,C_0805_2012Metric,4.7uF,smt,True
171.648,-122.138,90.0,bottom,C26,,C_0603_1608Metric,100nF,smt,True
168.6,-126.25,0.0,bottom,C27,,C_0603_1608Metric,100pF,smt,True
164.028,-126.25,180.0,bottom,C28,,C_0603_1608Metric,100pF,smt,True
172.156,-136.41,0.0,bottom,C29,,C_0603_1608Metric,100pF,smt,True
70.739,-59.309,90.0,bottom,C3,,CP_Elec_6.3x7.7,100uF,smt,True
161.996,-135.902,90.0,bottom,C30,,C_0603_1608Metric,100pF,smt,True
172.156,-134.378,0.0,bottom,C31,,C_0603_1608Metric,4.7nF,smt,True
188.976,-132.842,90.0,bottom,C32,,CP_Elec_6.3x7.7,100uF,smt,True
185.166,-137.668,0.0,bottom,C33,,C_0603_1608Metric,100nF,smt,True
130.704,-39.859,90.0,bottom,C34,,C_0603_1608Metric,100nF,smt,True
127.0,-136.906,-90.0,bottom,C35,,C_0603_1608Metric,100nF,smt,True
107.442,-37.084,180.0,bottom,C36,,C_0805_2012Metric,10uF,smt,True
103.836,-71.1155,-90.0,bottom,C37,,C_0805_2012Metric,10uF,smt,True
100.538,-69.784,180.0,bottom,C38,,C_0603_1608Metric,100nF,smt,True
102.976,-74.902,180.0,bottom,C39,,C_0603_1608Metric,100nF,smt,True
85.839,-120.65,0.0,bottom,C4,,C_0603_1608Metric,100nF,smt,True
178.562,-81.788,-90.0,bottom,C40,,C_0805_2012Metric,10uF,smt,True
157.137265,-92.831399,180.0,bottom,C41,,C_0805_2012Metric,10uF,smt,True
157.137265,-94.863399,180.0,bottom,C42,,C_0603_1608Metric,100nF,smt,True
171.508,-53.02,180.0,bottom,C43,,C_0603_1608Metric,100nF,smt,True
185.138,-59.25,0.0,bottom,C44,,C_0805_2012Metric,4.7uF,smt,True
171.258,-55.02,180.0,bottom,C45,,C_0805_2012Metric,4.7uF,smt,True
181.538,-59.45,0.0,bottom,C46,,C_0603_1608Metric,100nF,smt,True
182.18,-56.546,-90.0,bottom,C47,,C_0603_1608Metric,100nF,smt,True
178.435,-49.1875,90.0,bottom,C48,,C_0603_1608Metric,100nF,smt,True
171.508,-50.85,180.0,bottom,C49,,C_0603_1608Metric,100nF,smt,True
85.35103,-57.524877,0.0,bottom,C5,,C_0805_2012Metric,4.7uF,smt,True
184.293127,-52.82935,90.0,bottom,C50,,C_0603_1608Metric,22pF,smt,True
184.288,-56.125,-90.0,bottom,C51,,C_0603_1608Metric,22pF,smt,True
180.402,-45.875,90.0,bottom,C52,,C_0603_1608Metric,100nF,smt,True
182.31,-49.1875,90.0,bottom,C53,,C_0603_1608Metric,1nF,smt,True
173.798,-46.4,180.0,bottom,C54,,C_0603_1608Metric,220pF,smt,True
177.608,-46.4,180.0,bottom,C55,,C_0603_1608Metric,220pF,smt,True
178.446718,-42.055,90.0,bottom,C56,,C_0603_1608Metric,4.7pF,smt,True
176.453077,-42.055,90.0,bottom,C57,,C_0603_1608Metric,22pF,smt,True
180.440359,-42.055,90.0,bottom,C58,,C_0603_1608Metric,22pF,smt,True
182.434,-42.055,90.0,bottom,C59,,C_0603_1608Metric,4.7pF,smt,True
101.35003,-57.340877,0.0,bottom,C6,,C_0805_2012Metric,4.7uF,smt,True
172.465795,-42.055,-90.0,bottom,C60,,C_0603_1608Metric,100pF,smt,True
186.421282,-42.055,90.0,bottom,C61,,C_0603_1608Metric,100pF,smt,True
174.459436,-42.055,-90.0,bottom,C62,,C_0603_1608Metric,4.7pF,smt,True
184.427641,-42.055,90.0,bottom,C63,,C_0603_1608Metric,4.7pF,smt,True
149.606,-136.823318,-90.0,top,C64,,C_0603_1608Metric,100nF,smt,True
149.606,-130.340576,-90.0,top,C65,,C_0603_1608Metric,100nF,smt,True
149.606,-123.8459,-90.0,top,C66,,C_0603_1608Metric,100nF,smt,True
149.606,-117.365603,-90.0,top,C67,,C_0603_1608Metric,100nF,smt,True
149.606,-110.761835,-90.0,top,C68,,C_0603_1608Metric,100nF,smt,True
218.948,-44.704,-90.0,bottom,C69,,R_0603_1608Metric,DNP,smt,True
85.34003,-55.054877,0.0,bottom,C7,,C_0805_2012Metric,4.7uF,smt,True
149.606,-97.79,-90.0,top,C70,,C_0603_1608Metric,100nF,smt,True
149.606,-91.186,-90.0,top,C71,,C_0603_1608Metric,100nF,smt,True
149.606,-104.394,-90.0,top,C72,,C_0603_1608Metric,100nF,smt,True
147.42,-131.4935,90.0,bottom,C73,,C_0805_2012Metric,4.7uF,smt,True
147.42,-123.6195,90.0,bottom,C74,,C_0805_2012Metric,4.7uF,smt,True
147.42,-135.5235,90.0,bottom,C75,,C_0805_2012Metric,4.7uF,smt,True
147.354,-127.4955,90.0,bottom,C76,,C_0805_2012Metric,4.7uF,smt,True
189.865,-114.808,180.0,bottom,C77,,C_0805_2012Metric,22uF,smt,True
184.277,-119.951,180.0,bottom,C78,,C_0603_1608Metric,470nF,smt,True
184.277,-122.491,180.0,bottom,C79,,C_0603_1608Metric,470nF,smt,True
101.35003,-55.054877,0.0,bottom,C8,,C_0805_2012Metric,4.7uF,smt,True
180.467,-122.428,180.0,bottom,C80,,C_0603_1608Metric,10pF,smt,True
152.7,-94.0,90.0,bottom,C81,,C_1210_3225Metric,47uF,smt,True
198.7605,-132.334,180.0,bottom,C82,,C_0805_2012Metric,10uF,smt,True
198.2525,-134.62,180.0,bottom,C83,,C_0603_1608Metric,100nF,smt,True
210.4445,-138.684,0.0,bottom,C84,,C_1206_3216Metric,100nF C0G,smt,True
207.3505,-135.382,180.0,bottom,C85,,C_1210_3225Metric,47uF,smt,True
201.3005,-139.192,-90.0,bottom,C86,,C_0805_2012Metric,10uF,smt,True
209.775,-124.25,180.0,bottom,C87,,C_0603_1608Metric,100nF,smt,True
204.9885,-114.184,180.0,bottom,C88,,C_1210_3225Metric,47uF,smt,True
73.66,-140.208,90.0,bottom,C89,,C_0805_2012Metric,10uF,smt,True
84.32203,-60.896877,-90.0,bottom,C9,,C_0603_1608Metric,100nF,smt,True
76.708,-140.208,90.0,bottom,C90,,C_0603_1608Metric,100nF,smt,True
155.956,-97.502,90.0,bottom,D1,,D_SOD-323,SD05_SOD323,smt,True
150.2,-115.4,90.0,bottom,D10,,D_SOD-323,1N4148W,smt,True
75.184,-77.724,180.0,bottom,D11,,Nexperia_CFP3_SOD-123W,PMEG4030ER.115,smt,True
74.0,-85.2,90.0,bottom,D12,,D_SOD-323,SD05_SOD323,smt,True
74.0,-81.5,-90.0,bottom,D13,,D_SOD-323,SD05_SOD323,smt,True
213.5755,-109.607,0.0,bottom,D14,,D_SOD-323,SD05_SOD323,smt,True
213.598,-112.1585,0.0,bottom,D15,,D_SOD-323,SD05_SOD323,smt,True
170.942,-140.462,180.0,bottom,D16,,D_SOD-323,SD05_SOD323,smt,True
213.598,-126.6525,0.0,bottom,D17,,D_SOD-323,SD05_SOD323,smt,True
214.63,-132.842,-90.0,bottom,D18,,D_SOD-323,SD05_SOD323,smt,True
167.2475,-140.462,0.0,bottom,D19,,D_SOD-323,SD05_SOD323,smt,True
150.2,-119.53,90.0,bottom,D2,,D_SOD-323,1N4148W,smt,True
213.5755,-129.17,0.0,bottom,D20,,D_SOD-323,SD05_SOD323,smt,True
214.63,-137.414,90.0,bottom,D21,,D_SOD-323,SD05_SOD323,smt,True
118.584,-140.208,0.0,bottom,D22,,D_SOD-323,SD05_SOD323,smt,True
82.423,-117.094,180.0,bottom,D23,,D_SOD-323,SD05_SOD323,smt,True
178.24,-140.716,0.0,bottom,D24,,D_SOD-323,SD05_SOD323,smt,True
114.52,-140.208,0.0,bottom,D25,,D_SOD-323,SD05_SOD323,smt,True
81.788,-109.855,-90.0,bottom,D26,,D_SOD-323,SD05_SOD323,smt,True
182.05,-140.716,0.0,bottom,D27,,D_SOD-323,SD05_SOD323,smt,True
110.445,-140.208,180.0,bottom,D28,,D_SOD-323,SD05_SOD323,smt,True
81.788,-113.874,90.0,bottom,D29,,D_SOD-323,SD05_SOD323,smt,True
75.25,-90.5,180.0,bottom,D3,,Nexperia_CFP3_SOD-123W,PMEG4030ER.115,smt,True
185.894,-140.716,0.0,bottom,D30,,D_SOD-323,SD05_SOD323,smt,True
106.392,-140.208,0.0,bottom,D31,,D_SOD-323,SD05_SOD323,smt,True
189.67,-140.716,0.0,bottom,D32,,D_SOD-323,SD05_SOD323,smt,True
211.836,-141.224,0.0,bottom,D33,,D_SOD-323,SD05_SOD323,smt,True
155.668,-140.462,0.0,bottom,D34,,D_SOD-323,SD05_SOD323,smt,True
94.014,-140.2195,0.0,bottom,D35,,D_SOD-323,SD05_SOD323,smt,True
97.79,-140.2195,180.0,bottom,D36,,D_SOD-323,SD05_SOD323,smt,True
140.174,-140.462,180.0,bottom,D37,,D_SOD-323,SD05_SOD323,smt,True
136.364,-140.462,0.0,bottom,D38,,D_SOD-323,SD05_SOD323,smt,True
194.183,-91.776,0.0,top,D39,,LED_D3.0mm,LED_GREEN,tht,True
74.0,-94.2,-90.0,bottom,D4,,D_SOD-323,SD05_SOD323,smt,True
199.263,-91.776,0.0,top,D40,,LED_D3.0mm,LED_GREEN,tht,True
204.343,-91.776,0.0,top,D41,,LED_D3.0mm,LED_GREEN,tht,True
144.5,-116.472,180.0,top,D42,,LED_WS2812B_PLCC4_5.0x5.0mm_P3.2mm,WS2812B,smt,True
219.425,-38.882,-90.0,bottom,D43,,LED_D3.0mm_Horizontal_O1.27mm_Z2.0mm_IRBlack,LL-304PDD2E,tht,True
144.5,-122.984,180.0,top,D44,,LED_WS2812B_PLCC4_5.0x5.0mm_P3.2mm,WS2812B,smt,True
144.5,-90.424,180.0,top,D45,,LED_WS2812B_PLCC4_5.0x5.0mm_P3.2mm,WS2812B,smt,True
144.5,-129.496,180.0,top,D46,,LED_WS2812B_PLCC4_5.0x5.0mm_P3.2mm,WS2812B,smt,True
144.5,-96.936,180.0,top,D47,,LED_WS2812B_PLCC4_5.0x5.0mm_P3.2mm,WS2812B,smt,True
189.069,-101.174,0.0,top,D48,,LED_D3.0mm,LED_RED,tht,True
194.149,-101.174,0.0,top,D49,,LED_D3.0mm,LED_RED,tht,True
74.0,-97.79,90.0,bottom,D5,,D_SOD-323,SD05_SOD323,smt,True
199.229,-101.174,0.0,top,D50,,LED_D3.0mm,LED_RED,tht,True
144.5,-136.008,180.0,top,D51,,LED_WS2812B_PLCC4_5.0x5.0mm_P3.2mm,WS2812B,smt,True
144.5,-103.448,180.0,top,D52,,LED_WS2812B_PLCC4_5.0x5.0mm_P3.2mm,WS2812B,smt,True
144.5,-109.96,180.0,top,D53,,LED_WS2812B_PLCC4_5.0x5.0mm_P3.2mm,WS2812B,smt,True
189.069,-91.776,0.0,top,D54,,LED_D3.0mm,LED_GREEN,tht,True
199.644,-119.888,90.0,bottom,D55,,D_SOD-323,SD05_SOD323,smt,True
194.31,-119.888,90.0,bottom,D56,,D_SOD-323,SD05_SOD323,smt,True
150.2,-123.597,90.0,bottom,D57,,D_SOD-323,1N4148W,smt,True
150.2,-131.471,90.0,bottom,D58,,D_SOD-323,1N4148W,smt,True
196.85,-82.75,180.0,bottom,D59,,D_SOD-323,1N4148W,smt,True
77.2385,-63.0145,0.0,bottom,D6,,Nexperia_CFP3_SOD-123W,PMEG4030ER.115,smt,True
208.598,-101.346,180.0,top,D60,,LED_D5.0mm-4_RGB,LED_BGAR,tht,True
194.31,-125.476,-90.0,bottom,D61,,D_SOD-323,SD05_SOD323,smt,True
199.644,-125.476,-90.0,bottom,D62,,D_SOD-323,SD05_SOD323,smt,True
150.2,-135.501,90.0,bottom,D63,,D_SOD-323,1N4148W,smt,True
150.156,-127.473,90.0,bottom,D64,,D_SOD-323,1N4148W,smt,True
184.023,-115.57,180.0,bottom,D65,,D_SOD-323,SD05_SOD323,smt,True
175.514,-102.582,90.0,bottom,D66,,D_SOD-323,SD05_SOD323,smt,True
175.514,-98.01,-90.0,bottom,D67,,D_SOD-323,SD05_SOD323,smt,True
153.4,-103.6,0.0,bottom,D68,,D_SOD-323,SD05_SOD323,smt,True
160.782,-125.476,90.0,bottom,D69,,D_SOD-323,SD05_SOD323,smt,True
109.67603,-49.584877,0.0,bottom,D7,,D_SMA,B340A-E3/61T,smt,True
165.862,-117.856,0.0,bottom,D70,,D_SOD-323,SD05_SOD323,smt,True
121.857,-57.0375,-90.0,bottom,D71,,D_SOD-323,SD05_SOD323,smt,True
93.33003,-49.431877,0.0,bottom,D8,,D_SMA,B340A-E3/61T,smt,True
155.956,-101.3,90.0,bottom,D9,,D_SOD-323,SD05_SOD323,smt,True
72.9991,-34.0,0.0,top,DS1,,WC1602A,WC1602A,tht,True
77.343,-58.674,-90.0,bottom,F1,,Fuse_1812_4532Metric,2A,smt,True
120.841,-44.6885,180.0,bottom,F2,,Fuse_1812_4532Metric,0.75A PTC,smt,True
70.5,-144.0,0.0,top,FID1,,Fiducial_1mm_Mask3mm,Fiducial,smt,True
107.0,-69.8,90.0,bottom,FID14,,Fiducial_1mm_Mask3mm,Fiducial,smt,True
216.5,-34.036,0.0,top,FID2,,Fiducial_1mm_Mask3mm,Fiducial,smt,True
218.0,-144.5,0.0,top,FID3,,Fiducial_1mm_Mask3mm,Fiducial,smt,True
70.5,-144.0,180.0,bottom,FID4,,Fiducial_1mm_Mask3mm,Fiducial,smt,True
216.5,-34.036,180.0,bottom,FID5,,Fiducial_1mm_Mask3mm,Fiducial,smt,True
218.0,-144.5,180.0,bottom,FID6,,Fiducial_1mm_Mask3mm,Fiducial,smt,True
67.5,-148.0,0.0,top,H1,,MountingHole_3.2mm_M3_ISO7380_Pad_TopBottom,MountingHole,tht,True
129.5,-76.5,0.0,top,H10,,MountingHole_4.3mm_M4_ISO14580_Pad,MountingHole,tht,True
67.5,-73.0,0.0,top,H2,,MountingHole_3.2mm_M3_ISO7380_Pad_TopBottom,MountingHole,tht,True
144.5,-75.5,0.0,top,H3,,MountingHole_3.2mm_M3_ISO7380_Pad_TopBottom,MountingHole,tht,True
221.5,-34.0,0.0,top,H4,,MountingHole_3.2mm_M3_ISO7380_Pad_TopBottom,MountingHole,tht,True
221.5,-148.0,0.0,top,H5,,MountingHole_3.2mm_M3_ISO7380_Pad_TopBottom,MountingHole,tht,True
88.5,-94.0,0.0,top,H6,,MountingHole_4.3mm_M4_ISO14580_Pad,MountingHole,tht,True
136.5,-94.0,0.0,top,H7,,MountingHole_4.3mm_M4_ISO14580_Pad,MountingHole,tht,True
88.5,-127.0,0.0,top,H8,,MountingHole_4.3mm_M4_ISO14580_Pad,MountingHole,tht,True
136.5,-127.0,0.0,top,H9,,MountingHole_4.3mm_M4_ISO14580_Pad,MountingHole,tht,True
110.0,-93.5,180.0,bottom,J1,,HIROSE_DF40C-100DS-0.4V_51_,DF40C-100DS-0.4V(51),smt,True
222.0,-114.68,-90.0,bottom,J10,,"TerminalBlock_Phoenix_MKDS-1,5-4-5.08_1x04_P5.08mm_Horizontal",RTD_PT100,tht,True
171.958,-148.336,180.0,bottom,J11,,"TerminalBlock_Phoenix_MKDS-1,5-3-5.08_1x03_P5.08mm_Horizontal",Can,tht,True
71.628,-112.048,90.0,bottom,J12,,USB_A_TE_292303-7_Horizontal,USB_A,smt,True
121.158,-148.336,180.0,bottom,J13,,"TerminalBlock_Phoenix_MKDS-1,5-6-5.08_1x06_P5.08mm_Horizontal",SPI_OUT,tht,True
202.438,-148.336,180.0,bottom,J14,,"TerminalBlock_Phoenix_MKDS-1,5-6-5.08_1x06_P5.08mm_Horizontal",MOTOR,tht,True
212.598,-148.336,180.0,bottom,J15,,"TerminalBlock_Phoenix_MKDS-1,5-2-5.08_1x02_P5.08mm_Horizontal",12V OUT ,tht,True
156.718,-148.336,180.0,bottom,J16,,"TerminalBlock_Phoenix_MKDS-1,5-3-5.08_1x03_P5.08mm_Horizontal",Neopixel,tht,True
90.678,-148.336,180.0,bottom,J17,,"TerminalBlock_Phoenix_MKDS-1,5-4-5.08_1x04_P5.08mm_Horizontal",SERIAL,tht,True
141.478,-148.336,180.0,bottom,J18,,"TerminalBlock_Phoenix_MKDS-1,5-4-5.08_1x04_P5.08mm_Horizontal",I2C,tht,True
104.479453,-134.100304,-90.0,top,J19,,PinHeader_1x08_P2.54mm_Vertical_SMD_Pin1Left,KEYPAD_MATRIX,smt,True
67.623,-96.01,90.0,bottom,J2,,USB_C_Receptacle_XKB_U262-16XN-4BVC11,USB_C_Receptacle,smt,True
181.0,-75.46,0.0,top,J20,,PinSocket_1x04_P2.54mm_Vertical,OLED,tht,True
73.375,-130.5,90.0,bottom,J21,,microSD_HC_Hirose_DM3BT-DSF-PEJS,DM3BT-DSF-PEJS/C,smt,True
213.17,-105.41,0.0,bottom,J3,,IDC-Header_2x20_P2.54mm_Horizontal,Conn_02x20_Odd_Even,tht,True
110.0,-127.5,180.0,bottom,J4,,HIROSE_DF40C-100DS-0.4V_51_,DF40C-100DS-0.4V(51),smt,True
77.628,-49.2175,0.0,bottom,J5,,BarrelJack_Horizontal,Barrel_Jack_MountingPin,tht,True
67.623,-83.31,90.0,bottom,J6,,USB_C_Receptacle_XKB_U262-16XN-4BVC11,USB_C_Receptacle,smt,True
87.5,-76.5,-90.0,bottom,J7,,121992304,Bus_M.2_Socket_B,tht,True
222.0,-135.0,-90.0,bottom,J9,,"TerminalBlock_Phoenix_MKDS-1,5-2-5.08_1x02_P5.08mm_Horizontal",A_IN,tht,True
115.57,-34.036,-90.0,bottom,JP1,,PinHeader_1x03_P2.54mm_Vertical,VREF_Selector,tht,True
213.5755,-115.703,180.0,bottom,JP10,,PinHeader_1x02_P2.54mm_Vertical,Jumper_2_Open,tht,True
213.5755,-120.783,180.0,bottom,JP11,,PinHeader_1x02_P2.54mm_Vertical,Jumper_2_Open,tht,True
117.25,-97.257,180.0,bottom,JP2,,SolderJumper-2_P1.3mm_Open_Pad1.0x1.5mm,Jumper_2_Bridged,tht,True
138.938,-33.528,-90.0,bottom,JP3,,SolderJumper-2_P1.3mm_Open_Pad1.0x1.5mm,A2_Jumper,tht,False
131.714,-132.566,180.0,bottom,JP4,,SolderJumper-2_P1.3mm_Open_Pad1.0x1.5mm,A2_Jumper,tht,False
136.373,-33.528,-90.0,bottom,JP5,,SolderJumper-2_P1.3mm_Open_Pad1.0x1.5mm,A1_Jumper,tht,False
131.714,-135.106,180.0,bottom,JP6,,SolderJumper-2_P1.3mm_Open_Pad1.0x1.5mm,A1_Jumper,tht,False
133.833,-33.528,-90.0,bottom,JP7,,SolderJumper-2_P1.3mm_Open_Pad1.0x1.5mm,A0_Jumper,tht,False
131.714,-137.668,180.0,bottom,JP8,,SolderJumper-2_P1.3mm_Open_Pad1.0x1.5mm,A0_Jumper,tht,False
195.962,-106.172,90.0,top,JP9,,PinHeader_1x03_P2.54mm_Vertical,Debounce Selector,tht,True
125.334,-34.163,0.0,bottom,L1,,L_1210_3225Metric,100uH,smt,True
102.31003,-46.6,90.0,bottom,L2,,L_Chilisin_BMRB00060624,6.8uH,smt,True
85.97303,-46.764877,90.0,bottom,L3,,L_Chilisin_BMRB00060624,6.8uH,smt,True
166.568,-132.346,90.0,bottom,L4,,L_CommonModeChoke_TDK_ACM7060,ACM7060-701-2PL-TL,smt,True
174.56,-49.1875,90.0,bottom,L5,,L_0603_1608Metric,560nH,smt,True
176.4975,-49.1875,90.0,bottom,L6,,L_0603_1608Metric,560nH,smt,True
184.5,-113.0,180.0,top,MK1,,POM-2244P-C3310-2-R,Mic,tht,True
141.9675,-44.0515,-90.0,bottom,Q1,,SOT-23,BC850,smt,True
215.8215,-39.116,0.0,bottom,Q2,,SOT-23,BC850,smt,True
123.952,-53.086,-90.0,bottom,Q3,,SOT-23,N-FET 1.4A,smt,True
197.095806,-79.472306,180.0,bottom,Q4,,SOT-23,BC850,smt,True
160.326,-106.426,-90.0,top,Q5,,Kingbright_KPS-3227,ALS-PDIC15-21B/TR8,smt,True
155.04,-119.5525,-90.0,bottom,R1,,R_0603_1608Metric,10k,smt,True
112.12403,-60.887877,90.0,bottom,R10,,R_0603_1608Metric,29.4k,smt,True
95.75203,-60.979877,90.0,bottom,R11,,R_0603_1608Metric,50k,smt,True
111.36203,-57.272877,180.0,bottom,R12,,R_0603_1608Metric,10k 1%,smt,True
111.36203,-54.859877,0.0,bottom,R13,,R_0603_1608Metric,2.2k 1%,smt,True
111.36203,-52.573877,180.0,bottom,R14,,R_0603_1608Metric,1k 1%,smt,True
95.11703,-58.356877,180.0,bottom,R15,,R_0603_1608Metric,10k 1%,smt,True
95.11703,-56.324877,0.0,bottom,R16,,R_0603_1608Metric,1k 1%,smt,True
95.11703,-54.546877,180.0,bottom,R17,,R_0603_1608Metric,680 1%,smt,True
95.11703,-52.641877,0.0,bottom,R18,,R_0603_1608Metric,220 1%,smt,True
155.04,-115.4225,-90.0,bottom,R19,,R_0603_1608Metric,10k,smt,True
152.73,-119.5525,-90.0,bottom,R2,,R_0603_1608Metric,10k,smt,True
152.73,-115.4225,-90.0,bottom,R20,,R_0603_1608Metric,10k,smt,True
76.25,-80.75,90.0,bottom,R21,,R_0603_1608Metric,5.1k,smt,True
76.25,-86.0,-90.0,bottom,R22,,R_0603_1608Metric,5.1k,smt,True
172.156,-132.346,0.0,bottom,R23,,R_0603_1608Metric,59,smt,True
172.156,-130.314,180.0,bottom,R24,,R_0603_1608Metric,59,smt,True
176.728,-131.572,90.0,bottom,R25,,R_2512_6332Metric,2,smt,True
95.242,-136.346,-90.0,bottom,R26,,R_0603_1608Metric,220k,smt,True
106.634,-76.642,90.0,bottom,R27,,R_0603_1608Metric,4.7k,smt,True
108.666,-76.642,90.0,bottom,R28,,R_0603_1608Metric,4.7k,smt,True
115.778,-78.302,90.0,bottom,R29,,R_0603_1608Metric,220k,smt,True
76.5,-93.5,90.0,bottom,R3,,R_0603_1608Metric,5.1k,smt,True
115.778,-74.864,90.0,bottom,R30,,R_0603_1608Metric,4.7k,smt,True
117.81,-74.86,90.0,bottom,R31,,R_0603_1608Metric,4.7k,smt,True
158.153265,-97.403399,-90.0,bottom,R32,,R_0603_1608Metric,33k,smt,True
171.512,-57.02,0.0,bottom,R33,,R_0603_1608Metric,10k,smt,True
180.3725,-49.1875,90.0,bottom,R34,,R_0603_1608Metric,1k,smt,True
182.307495,-45.871137,90.0,bottom,R35,,R_0603_1608Metric,2.7k,smt,True
170.472154,-42.055,-90.0,bottom,R36,,R_0603_1608Metric,3R3,smt,True
188.414925,-42.055,-90.0,bottom,R37,,R_0603_1608Metric,3R3,smt,True
194.501,-88.474,180.0,bottom,R38,,R_0603_1608Metric,10k,smt,True
198.311,-88.474,0.0,bottom,R39,,R_0603_1608Metric,4.7k,smt,True
76.454,-98.869,-90.0,bottom,R4,,R_0603_1608Metric,5.1k,smt,True
201.74,-88.474,0.0,bottom,R40,,R_0603_1608Metric,1k,smt,True
212.852,-39.241,-90.0,bottom,R41,,R_0603_1608Metric,100,smt,True
215.646,-42.164,180.0,bottom,R42,,R_0805_2012Metric,39,smt,True
189.421,-98.044,180.0,bottom,R43,,R_0603_1608Metric,1k,smt,True
192.977,-98.044,0.0,bottom,R44,,R_0603_1608Metric,1k,smt,True
196.533,-98.044,0.0,bottom,R45,,R_0603_1608Metric,1k,smt,True
123.952,-48.0545,0.0,bottom,R46,,R_0603_1608Metric,10k,smt,True
123.952,-49.9595,180.0,bottom,R47,,R_0603_1608Metric,100,smt,True
190.945,-88.474,180.0,bottom,R48,,R_0603_1608Metric,10k,smt,True
119.888,-51.061,-90.0,bottom,R49,,R_2512_6332Metric,22,smt,True
90.17,-117.793,90.0,bottom,R5,,R_0603_1608Metric,10k,smt,True
155.04,-131.4935,-90.0,bottom,R50,,R_0603_1608Metric,10k,smt,True
155.04,-123.6195,-90.0,bottom,R51,,R_0603_1608Metric,10k,smt,True
152.73,-123.6195,-90.0,bottom,R52,,R_0603_1608Metric,10k,smt,True
152.73,-131.4935,-90.0,bottom,R53,,R_0603_1608Metric,10k,smt,True
197.358,-75.946,0.0,bottom,R54,,R_0603_1608Metric,1k,smt,True
155.04,-135.5235,-90.0,bottom,R55,,R_0603_1608Metric,10k,smt,True
155.04,-127.4955,-90.0,bottom,R56,,R_0603_1608Metric,10k,smt,True
200.089,-98.044,0.0,bottom,R57,,R_0603_1608Metric,1k,smt,True
203.645,-98.044,0.0,bottom,R58,,R_0603_1608Metric,1k,smt,True
207.201,-98.044,0.0,bottom,R59,,R_0603_1608Metric,1k,smt,True
104.83203,-60.896877,90.0,bottom,R6,,R_0603_1608Metric,330k,smt,True
152.73,-135.5235,-90.0,bottom,R60,,R_0603_1608Metric,10k,smt,True
152.708,-127.4955,-90.0,bottom,R61,,R_0603_1608Metric,10k,smt,True
184.277,-117.856,0.0,bottom,R62,,R_0603_1608Metric,1k,smt,True
187.77,-125.222,0.0,bottom,R63,,R_0603_1608Metric,10k,smt,True
184.264,-125.159,180.0,bottom,R64,,R_0603_1608Metric,10k,smt,True
180.467,-120.142,0.0,bottom,R65,,R_0603_1608Metric,47k,smt,True
180.467,-124.968,0.0,bottom,R66,,R_0805_2012Metric,1M,smt,True
152.5,-100.7,90.0,bottom,R67,,R_0603_1608Metric,10k,smt,True
124.905,-57.1985,-90.0,bottom,R68,,R_0603_1608Metric,10k,smt,True
211.7785,-133.992,180.0,bottom,R69,,R_0603_1608Metric,1k,smt,True
106.61003,-60.887877,-90.0,bottom,R7,,R_0603_1608Metric,68k,smt,True
211.7785,-136.368,180.0,bottom,R70,,R_0603_1608Metric,1k,smt,True
211.836,-131.96,0.0,bottom,R71,,R_0603_1608Metric,68k,smt,True
208.1265,-132.588,180.0,bottom,R72,,R_0603_1608Metric,100,smt,True
205.8725,-139.192,90.0,bottom,R73,,R_0603_1608Metric,220k,smt,True
203.8405,-139.192,-90.0,bottom,R74,,R_0603_1608Metric,220k,smt,True
203.0785,-132.334,180.0,bottom,R75,,R_0603_1608Metric,220k,smt,True
194.7775,-134.62,0.0,bottom,R76,,R_0603_1608Metric,1k,smt,True
210.487,-113.168,90.0,bottom,R77,,R_0603_1608Metric,1k5,smt,True
206.486,-117.614,-90.0,bottom,R78,,R_0603_1608Metric,10k,smt,True
202.93,-120.979,-90.0,bottom,R79,,R_0603_1608Metric,3.205k,smt,True
88.13203,-60.979877,90.0,bottom,R8,,R_0603_1608Metric,330k,smt,True
205.724,-121.042,-90.0,bottom,R80,,R_0603_1608Metric,10k,smt,True
204.47,-117.551,-90.0,bottom,R81,,R_0603_1608Metric,10k,smt,True
204.978,-127.649,180.0,bottom,R82,,R_0603_1608Metric,10k,smt,True
202.438,-117.486,90.0,bottom,R83,,R_0603_1608Metric,10k,smt,True
202.438,-128.408,90.0,bottom,R84,,R_0603_1608Metric,10k,smt,True
88.392,-133.204,0.0,bottom,R85,,R_0603_1608Metric,10k,smt,True
84.836,-139.954,-90.0,bottom,R86,,R_0603_1608Metric,10k,smt,True
208.518,-113.168,-90.0,bottom,R87,,R_0603_1608Metric,1k,smt,True
90.03753,-60.979877,-90.0,bottom,R9,,R_0603_1608Metric,68k,smt,True
141.865848,-39.652621,0.0,bottom,RN1,,R_Array_Convex_4x0603,R_Pack04,smt,True
127.992002,-133.204,180.0,bottom,RN2,,R_Array_Convex_4x0603,R_Pack04,smt,True
102.87,-134.112,180.0,bottom,RN3,,R_Array_Convex_4x0603,R_Pack04,smt,True
116.078,-132.334,0.0,bottom,RN4,,R_Array_Convex_4x0603,R_Pack04,smt,True
116.078,-136.506,0.0,bottom,RN5,,R_Array_Convex_4x0603,R_Pack04,smt,True
89.408,-136.144,0.0,bottom,RN7,,R_Array_Convex_4x0603,R_Pack04,smt,True
75.184,-39.116,-90.0,bottom,RV1,,Potentiometer_Bourns_3314J_Vertical,10k,smt,True
172.775,-96.5,0.0,top,RV2,,Potentiometer_Alpha_RD901F-40-00D_Single_Vertical,100k,tht,True
167.0,-124.25,180.0,top,RV3,,2-Axis-Joystick,10k,smt,True
196.5555,-138.43,90.0,bottom,RV4,,Potentiometer_Bourns_3314J_Vertical,2k,smt,True
160.376,-94.929399,180.0,top,SW1,,SW_Push_1P1T_NO_CK_KMR2,SW_Push,smt,True
160.376,-100.685199,180.0,top,SW2,,SW_Push_1P1T_NO_CK_KMR2,SW_Push,smt,True
208.9575,-124.2925,-90.0,top,SW3,,SW_SPST_Omron_B3FS-105xP,SW_Push,smt,True
199.0,-114.25,0.0,top,SW4,,SW_SPST_Omron_B3FS-105xP,SW_Push,smt,True
188.9575,-124.2075,90.0,top,SW5,,SW_SPST_Omron_B3FS-105xP,SW_Push,smt,True
198.915,-134.25,180.0,top,SW6,,SW_SPST_Omron_B3FS-105xP,SW_Push,smt,True
119.19,-57.0715,90.0,bottom,TH1,,R_0805_2012Metric,NTC 10k,smt,True
130.302,-33.782,0.0,bottom,TP1,,TestPoint_Pad_D3.0mm,~,tht,False
180.3,-99.3,90.0,bottom,TP10,,TestPoint_Pad_D3.0mm,~,tht,False
180.3,-115.2,-90.0,bottom,TP11,,TestPoint_Pad_D3.0mm,~,tht,False
149.1,-100.5,0.0,bottom,TP12,,TestPoint_Pad_D3.0mm,~,tht,False
126.3,-44.7,-90.0,bottom,TP15,,TestPoint_Pad_D3.0mm,~,tht,False
130.2,-128.1,180.0,bottom,TP16,,TestPoint_Pad_D3.0mm,A1,tht,False
89.408,-140.208,-90.0,bottom,TP17,,TestPoint_Pad_D3.0mm,~,tht,False
91.2,-121.8,-90.0,bottom,TP18,,TestPoint_Pad_D3.0mm,~,tht,False
67.056,-142.24,-90.0,bottom,TP19,,TestPoint_Pad_D3.0mm,~,tht,False
79.248,-66.294,-90.0,bottom,TP2,,TestPoint_Pad_D3.0mm,~,tht,False
80.899,-105.41,-90.0,bottom,TP3,,TestPoint_Pad_D3.0mm,~,tht,False
184.644,-88.8,0.0,bottom,TP4,,TestPoint_Pad_D3.0mm,~,tht,False
73.66,-66.294,-90.0,bottom,TP5,,TestPoint_Pad_D3.0mm,~,tht,False
73.152,-72.39,-90.0,bottom,TP6,,TestPoint_Pad_D3.0mm,~,tht,False
175.5,-88.8,0.0,bottom,TP7,,TestPoint_Pad_D3.0mm,~,tht,False
180.072,-88.8,0.0,bottom,TP8,,TestPoint_Pad_D3.0mm,~,tht,False
159.6,-116.4,-90.0,bottom,TP9,,TestPoint_Pad_D3.0mm,~,tht,False
86.487,-117.856,0.0,bottom,U1,,TSOT-23-5,RT9742AGJ5F,smt,True
122.062002,-135.128,0.0,bottom,U10,,SSOP-20_4.4x6.5mm_P0.65mm,PCF8574,smt,True
102.885,-77.702,0.0,bottom,U11,,Texas_PWSON-N6,HDC1080,smt,True
100.039,-72.587,90.0,bottom,U12,,LGA-12_2x2mm_P0.5mm,LIS2DH12TR,smt,True
109.319502,-135.217,0.0,bottom,U13,,TSSOP-20_4.4x6.5mm_P0.65mm,TXS0108EPW,smt,True
165.315265,-95.929399,180.0,bottom,U14,,SOIC-24W_7.5x15.4mm_P1.27mm,MAX7219 / tm1637,smt,True
163.0,-79.5,0.0,top,U15,,4_digit_7_segment_display,CC56-12YWA,tht,True
177.418,-54.9,-90.0,bottom,U16,,HVQFN-40-1EP_6x6mm_P0.5mm_EP4.1x4.1mm,PN5321A3HN_C1xx,smt,True
147.2925,-41.34,0.0,top,U17,,CR2013-MI2120,CR2013-MI2120,tht,True
144.5,-90.4,-90.0,bottom,U18,,SOT-23-6,SN74LVC1T45DBV,smt,True
222.154,-44.118,-90.0,bottom,U19,,Vishay_MOLD-3Pin,TSOP4836,tht,True
106.37403,-55.332877,-90.0,bottom,U2,,TI_SO-PowerPAD-8_ThermalVias,TPS54331DR,smt,True
189.23,-120.142,90.0,bottom,U20,,SOIC-8_3.9x4.9mm_P1.27mm,NE5532,smt,True
202.438,-135.316,180.0,bottom,U21,,SOT-23-5,MCP6021RT-E/OT,smt,True
209.4465,-117.0655,90.0,bottom,U22,,TSOT-23-5,LMP2011,smt,True
204.867,-110.44,0.0,bottom,U23,,SOT-23-5,LM4125AIM5-2.5,smt,True
209.1475,-121.205,180.0,bottom,U24,,TSOT-23-5,LMP2011,smt,True
209.1029,-127.298,0.0,bottom,U25,,TSOT-23-5,LMP2011,smt,True
204.2,-124.789,0.0,bottom,U26,,TSOT-23-5,LMP2011,smt,True
84.836,-135.728,0.0,bottom,U27,,Nexperia_HUSON-16_USON-16-1EP_1.35x3.3mm_P0.4mm_EP0.4x2.8mm,IP4252CZ16,smt,True
80.264,-140.1205,0.0,bottom,U28,,TSOT-23-5,RT9742AGJ5F,smt,True
90.48003,-55.527877,-90.0,bottom,U3,,TI_SO-PowerPAD-8_ThermalVias,TPS54331DR,smt,True
166.568,-122.138,180.0,bottom,U4,,SOIC-8_3.9x4.9mm_P1.27mm,TJA1051T-E,smt,True
182.032,-131.714,-90.0,bottom,U5,,Texas_HTSOP-8-1EP_3.9x4.9mm_P1.27mm_EP2.95x4.9mm_Mask2.4x3.1mm_ThermalVias,DRV8870DDA,smt,True
97.794,-136.372,-90.0,bottom,U6,,VSSOP-8_2.3x2mm_P0.5mm,PCA9306DC,smt,True
112.222,-74.86,0.0,bottom,U7,,VSSOP-8_2.3x2mm_P0.5mm,PCA9306DC,smt,True
112.105,-78.2325,0.0,bottom,U8,,SOT-23-6,SN74LVC1T45DBV,smt,True
135.784,-41.383,180.0,bottom,U9,,SSOP-20_4.4x6.5mm_P0.65mm,PCF8574,smt,True
187.038,-54.4,-90.0,bottom,Y1,,Crystal_SMD_SeikoEpson_FA128-4Pin_2.0x1.6mm,27.12MHz,smt,True
